App_oid,Collection_oid,Name,Description,Table,Group_oid,Translations_collection_oid,Is_translations_collection;;
103721,296719,Test,,teleMEDIOS_TEST_296719,NULL,NULL,0;;
103721,299143,test_script,,teleMEDIOS_TEST_SCRIPT_299143,NULL,NULL,0;;
"120326,300168,auto_log_triggers_mailing__send,""Mailing log, sent items."",teleSYGRIS_AUTO_LOG_TRIGGERS_MAILING__SEND_300168,300167,NULL,0";;
"120326,300169,auto_log_triggers_mailing__users,""Mailing log, user collection."",teleSYGRIS_AUTO_LOG_TRIGGERS_MAILING__USER_300169,300167,NULL,0";;
"120326,300170,auto_log_triggers_mailing__data,""Mailing log, data collection."",teleSYGRIS_AUTO_LOG_TRIGGERS_MAILING__DATA_300170,300167,NULL,0";;
"120326,293424,""Accesos Carta de Manifestación"",,teleSYGRIS_ACCESOS_CARTA_DE_MANIFESTACION_293424,299498,NULL,0";;
"120326,305633,""Cartas de manifestación"",,teleSYGRIS_CARTAS_DE_MANIFESTACION_305633,299498,NULL,0";;
120326,287391,d_tde_report,,teleSYGRIS_D_TDE_REPORT_287391,286951,NULL,0;;
120326,287392,d_tde_kategorie,,teleSYGRIS_D_TDE_KATEGORIE_287392,286951,NULL,0;;
120326,287396,c_tde_indicators,KPI_Ubersicht_2019,teleSYGRIS_C_TDE_INDICATORS_287396,286951,NULL,0;;
120326,287675,datos_tele_deustchland,,teleSYGRIS_DATOS_tele_DEUSTCHLAND_287675,286951,NULL,0;;
"120326,286922,""Gestión de cuestionarios - tele Deustchland"",,teleSYGRIS_GESTION_DE_CUESTIONARIOS_TELEFO_286922,286951,286953,0";;
"120326,286953,""Gestión de cuestionarios - tele Deustchland Translations"",""Translations table for collection Gestión de cuestionarios - tele Deustchland"",teleSYGRIS_GESTION_DE_CUESTIONARIOS_TELEFO_286953,286951,NULL,1";;
120326,285782,d_ind_maintopic,,teleSYGRIS_D_IND_MAINTOPIC_285782,285781,NULL,0;;
120326,285783,d_ind_topic,,teleSYGRIS_D_IND_TOPIC_285783,285781,NULL,0;;
120326,285784,d_ind_subtopic,,teleSYGRIS_D_IND_SUBTOPIC_285784,285781,NULL,0;;
120326,285785,d_ind_Area_Proveedora,,teleSYGRIS_D_IND_AREA_PROVEEDORA_285785,285781,NULL,0;;
120326,285786,d_ind_strategicpillar,,teleSYGRIS_D_IND_STRATEGICPILLAR_285786,285781,NULL,0;;
120326,285787,d_ind_resposablesdearea,,teleSYGRIS_D_IND_RESPOSABLESDEAREA_285787,285781,NULL,0;;
120326,285798,c_indicadores_globales,,teleSYGRIS_C_INDICADORES_GLOBALES_285798,285781,NULL,0;;
120326,285816,d_GRI,,teleSYGRIS_D_GRI_285816,285781,NULL,0;;
120326,285817,r_ind_responsablesdeindicadores,,teleSYGRIS_R_IND_RESPONSABLESDEINDICADORES_285817,285781,NULL,0;;
120326,280191,Respuestas,,teleSYGRIS_RESPUESTAS_280191,280190,NULL,0;;
120326,280192,Personas,,teleSYGRIS_PERSONAS_280192,280190,NULL,0;;
120326,280193,Proyectos,,teleSYGRIS_PROYECTOS_280193,280190,NULL,0;;
"120326,280194,""Preguntas cuestionario"",Catálogo,teleSYGRIS_PREGUNTAS_CUESTIONARIO_280194,280190,NULL,0";;
"120326,280195,""Unidad del responsable"",Catálogo,teleSYGRIS_UNIDAD_DEL_RESPONSABLE_280195,280190,NULL,0";;
"120326,280196,""Bloque de preguntas"",Catálogo,teleSYGRIS_BLOQUE_DE_PREGUNTAS_280196,280190,NULL,0";;
"120326,280203,""Descripcion preguntas"",Catálogo,teleSYGRIS_DESCRIPCION_PREGUNTAS_280203,280190,NULL,0";;
"120326,280209,""Tipo de pregunta"",Catálogo,teleSYGRIS_TIPO_DE_PREGUNTA_280209,280190,NULL,0";;
120326,285408,Ponderaciones,,teleSYGRIS_PONDERACIONES_285408,280190,NULL,0;;
120326,284437,d_tipo,,teleSYGRIS_D_TIPO_284437,273761,NULL,0;;
120326,284439,d_subtipo,,teleSYGRIS_D_SUBTIPO_284439,273761,NULL,0;;
"120326,273764,""Privacidad y Protección de Datos"",,teleSYGRIS_PRIVACIDAD_Y_PROTECCION_DE_DATO_273764,273761,NULL,0";;
"120326,273777,""Ordenador de networks"",,teleSYGRIS_ORDENADOR_DE_NETWORKS_273777,273761,NULL,0";;
"120326,274056,""Libertad de Expresión"",,teleSYGRIS_LIBERTAD_DE_EXPRESION_274056,273761,NULL,0";;
"120326,202377,""Privacidad y Seguridad"",,teleSYGRIS_PRIVACIDAD_Y_SEGURIDAD_202377,273761,NULL,0";;
"120326,273817,""Seguridad y Ciberseguridad"",,teleSYGRIS_SEGURIDAD_Y_CIBERSEGURIDAD_273817,273761,NULL,0";;
"120326,283828,""Gestion de cuestionarios"",""Permite el acceso a los cuestionarios y a la tabla maestra de privacidad y seguridad"",teleSYGRIS_GESTION_DE_CUESTIONARIOS_283828,273761,NULL,0";;
"120326,256000,""d_rrhh_entidad legal"",,teleSYGRIS_D_RRHH_ENTIDAD_LEGAL_256000,255990,NULL,0";;
120326,256001,d_rrhh_division,,teleSYGRIS_D_RRHH_DIVISION_256001,255990,NULL,0;;
120326,256002,d_rrhh_departamento,,teleSYGRIS_D_RRHH_DEPARTAMENTO_256002,255990,NULL,0;;
"120326,256003,""d_rrhh_estado del empleado"",,teleSYGRIS_D_RRHH_ESTADO_DEL_EMPLEADO_256003,255990,NULL,0";;
"120326,256005,""d_rrhh_nombre del puesto"",,teleSYGRIS_D_RRHH_NOMBRE_DEL_PUESTO_256005,255990,NULL,0";;
"120326,256006,""d_rrhh_convenio aplicable"",,teleSYGRIS_D_RRHH_CONVENIO_APLICABLE_256006,255990,NULL,0";;
"120326,256007,""d_rrhh_area funcional"",,teleSYGRIS_D_RRHH_AREA_FUNCIONAL_256007,255990,NULL,0";;
120326,256036,r_rrhh_altas,,teleSYGRIS_R_RRHH_ALTAS_256036,255990,NULL,0;;
120326,256037,r_rrhh_bajas,,teleSYGRIS_R_RRHH_BAJAS_256037,255990,NULL,0;;
120326,257321,r_rhh_altas_V,,teleSYGRIS_R_RHH_ALTAS_V_257321,255990,NULL,0;;
120326,257322,r_rrhh_bajas_V,,teleSYGRIS_R_RRHH_BAJAS_V_257322,255990,NULL,0;;
120326,278061,d_rrhh_rotante,,teleSYGRIS_D_RRHH_ROTANTE_278061,255990,NULL,0;;
120326,280435,r_rrhh_equivalencia_pais_juridica,,teleSYGRIS_R_RRHH_EQUIVALENCIA_PAIS_JURIDI_280435,255990,NULL,0;;
"120326,255985,""u_rrhh_informacion solicitada"",,teleSYGRIS_U_RRHH_INFORMACION_SOLICITADA_255985,255990,NULL,0";;
120326,255986,d_rrhh_genero,,teleSYGRIS_D_RRHH_GENERO_255986,255990,NULL,0;;
"120326,255987,""d_rrhh_unidad de negocio"",,teleSYGRIS_D_RRHH_UNIDAD_DE_NEGOCIO_255987,255990,NULL,0";;
"120326,255988,""d_rrhh_clase de empleado"",,teleSYGRIS_D_RRHH_CLASE_DE_EMPLEADO_255988,255990,NULL,0";;
"120326,255991,""d_rrhh_nivel de puesto"",,teleSYGRIS_D_RRHH_NIVEL_DE_PUESTO_255991,255990,NULL,0";;
120326,255993,d_rrhh_subactividades,,teleSYGRIS_D_RRHH_SUBACTIVIDADES_255993,255990,NULL,0;;
"120326,255994,""d_rrhh_reduccion de jornada"",,teleSYGRIS_D_RRHH_REDUCCION_DE_JORNADA_255994,255990,NULL,0";;
"120326,255995,""d_rrhh_tipo de contrato"",,teleSYGRIS_D_RRHH_TIPO_DE_CONTRATO_255995,255990,NULL,0";;
120326,255997,d_rrhh_nacionalidad,,teleSYGRIS_D_RRHH_NACIONALIDAD_255997,255990,NULL,0;;
"120326,255998,""d_rrhh_localizacion ciudad"",,teleSYGRIS_D_RRHH_LOCALIZACION_CIUDAD_255998,255990,NULL,0";;
"120326,255999,""d_rrhh_codigo entidad legal"",,teleSYGRIS_D_RRHH_CODIGO_ENTIDAD_LEGAL_255999,255990,NULL,0";;
"120326,257279,""u_rrhh_informacion solicitada_V"",,teleSYGRIS_U_RRHH_INFORMACION_SOLICITADA_V_257279,255990,NULL,0";;
"120326,255245,d_aliados_totalizadores_indicadores,""DATATYPE: Indicadores"",teleSYGRIS_D_ALIADOS_TOTALIZADORES_INDICAD_255245,252502,NULL,0";;
"120326,255772,""d_aliados auditorias"",,teleSYGRIS_D_ALIADOS_AUDITORIAS_255772,252502,NULL,0";;
"120326,257312,""Gráficos subactividades"",DATATYPE,teleSYGRIS_GRAFICOS_SUBACTIVIDADES_257312,252502,NULL,0";;
"120326,255012,d_aliados_totalizadores,""DATATYPE: Totalizadores Total Externos"",teleSYGRIS_D_ALIADOS_TOTALIZADORES_255012,252502,NULL,0";;
"120326,253740,""Responsables aliados"",""Listado Usuarios que entran en Aliados"",teleSYGRIS_RESPONSABLES_ALIADOS_253740,252502,NULL,0";;
"120326,298548,d_aliados_formulas_sys,""Datatype de los indicadores fórmula de Seguridad y Salud de aliados, incluye las fórmulas y los indicadores que no agregan en la drilldown de explotación de datos"",teleSYGRIS_D_ALIADOS_FORMULAS_SYS_298548,252502,NULL,0";;
"120326,298549,r_aliados_sys_formulas_indicadores,""Relaciona los indicadores de fórmula con los indicadores de los que está compuesta cada fórmula"",teleSYGRIS_R_ALIADOS_SYS_FORMULAS_INDICADO_298549,252502,NULL,0";;
"120326,287299,""d_aliados_relacion jurídicas sólo España"",""Listado jurídicas de España"",teleSYGRIS_D_ALIADOS_RELACION_JURIDICAS_SO_287299,252502,NULL,0";;
"120326,255043,""u_aliados_carga indicadores periodo anterior"",""Se carga con la QUERY=254947 (VALORES: Indicadores con valores del período anterior. )"",teleSYGRIS_U_ALIADOS_CARGA_INDICADORES_PER_255043,252502,NULL,0";;
"120326,255054,""u_rrhh_carga subactividades periodo anterior"",""Se carga con la QUERY=255048 (VALORES: Subactividades con valores del período anterior)"",teleSYGRIS_U_RRHH_CARGA_SUBACTIVIDADES_PER_255054,252502,NULL,0";;
"120326,252504,""u_aliados_carga indicadores"",""VALORES: Indicadores en los períodos Q2 y Q4"",teleSYGRIS_U_ALIADOS_CARGA_INDICADORES_252504,252502,NULL,0";;
"120326,252505,d_aliados_periodo,""DATATYPE: Períodos"",teleSYGRIS_D_ALIADOS_PERIODO_252505,252502,NULL,0";;
"120326,252506,d_aliados_Subtipo,""DATATYPE: Subtipo"",teleSYGRIS_D_ALIADOS_SUBTIPO_252506,252502,NULL,0";;
"120326,252508,d_aliados_indicadores,""Sólo lista indicadores, con totalizador y subtipo"",teleSYGRIS_D_ALIADOS_INDICADORES_252508,252502,NULL,0";;
"120326,255073,d_aliados_region,""DATATYPE: Regiones"",teleSYGRIS_D_ALIADOS_REGION_255073,252502,NULL,0";;
"120326,255646,""d_aliados_historico auditorias"",""Histórico indicadores auditorías (desde el 2016 hasta actualidad, va variando). A principios de año meter datos año anterior. "",teleSYGRIS_D_ALIADOS_HISTORICO_AUDITORIAS_255646,252502,NULL,0";;
"120326,255907,""d_aliados_indicadores de auditorias"",""Listado de indicadores de auditorias, por año, países y períodos (Q2 y Q4)"",teleSYGRIS_D_ALIADOS_INDICADORES_DE_AUDITO_255907,252502,NULL,0";;
"120326,255939,d_aliados_glosario,""Definición indicadores y subactividades"",teleSYGRIS_D_ALIADOS_GLOSARIO_255939,252502,NULL,0";;
"120326,255940,d_aliados_grupo,""DATATYPE: Indicadores y Subactividades"",teleSYGRIS_D_ALIADOS_GRUPO_255940,252502,NULL,0";;
"120326,255984,""u_aliados_carga indicadores auditorias"",""Se carga con la QUERY=256230 (Datos auditorías de ""Proceso Auditorías"")"",teleSYGRIS_U_ALIADOS_CARGA_INDICADORES_AUD_255984,252502,NULL,0";;
120326,280068,rrhh__DesgloseJurNombreAntiguo,,teleSYGRIS_RRHH__DESGLOSE_JUR_NOMBRE_ANTIG_280068,241617,NULL,0;;
120326,243483,r_rhh_gestion_cuestionarios,,teleSYGRIS_R_RHH_GESTION_CUESTIONARIOS_243483,241617,NULL,0;;
120326,241965,d_rhh_plantilla_externos,,teleSYGRIS_D_RHH_PLANTILLA_EXTERNOS_241965,241617,NULL,0;;
120326,244274,d_rhh_tipo_de_agregacion,,teleSYGRIS_D_RHH_TIPO_DE_AGREGACION_244274,241617,NULL,0;;
120326,252231,rhh_exportaciones,,teleSYGRIS_RHH_EXPORTACIONES_252231,241617,NULL,0;;
120326,278090,rrhh__desgloseETL,,teleSYGRIS_RRHH__DESGLOSE_ETL_278090,241617,NULL,0;;
120326,250210,u_rhh_carga_indicadores_MES,,teleSYGRIS_U_RHH_CARGA_INDICADORES_MES_250210,241617,NULL,0;;
120326,269211,rrhh_exportaciones_individuales,,teleSYGRIS_RRHH_EXPORTACIONES_INDIVIDUALES_269211,241617,NULL,0;;
120326,248231,Manual,,teleSYGRIS_MANUAL_248231,241617,NULL,0;;
120326,245940,d_rhh_area_indicadores,,teleSYGRIS_D_RHH_AREA_INDICADORES_245940,241617,248267,0;;
120326,245950,d_rhh_indicadores,,teleSYGRIS_D_RHH_INDICADORES_245950,241617,248268,0;;
"120326,248261,""d_cue_proceso Translations"",""Translations table for collection d_cue_proceso"",teleSYGRIS_D_CUE_PROCESO_TRANSLATIONS_248261,241617,NULL,1";;
120326,241606,d_rhh_pais,,teleSYGRIS_D_RHH_PAIS_241606,241617,248266,0;;
"120326,248262,""r_cue_actividad Translations"",""Translations table for collection r_cue_actividad"",teleSYGRIS_R_CUE_ACTIVIDAD_TRANSLATIONS_248262,241617,NULL,1";;
120326,241607,d_jur_primer_nivel,,teleSYGRIS_D_JUR_PRIMER_NIVEL_241607,241617,NULL,0;;
"120326,248263,""r_cue_subactividad Translations"",""Translations table for collection r_cue_subactividad"",teleSYGRIS_R_CUE_SUBACTIVIDAD_TRANSLATIONS_248263,241617,NULL,1";;
"120326,248264,""d_rhh_cuestionarios Translations"",""Translations table for collection d_rhh_cuestionarios"",teleSYGRIS_D_RHH_CUESTIONARIOS_TRANSLATION_248264,241617,NULL,1";;
120326,241609,r_jur_segundo_nivel,,teleSYGRIS_R_JUR_SEGUNDO_NIVEL_241609,241617,NULL,0;;
"120326,248265,""d_rhh_mes Translations"",""Translations table for collection d_rhh_mes"",teleSYGRIS_D_RHH_MES_TRANSLATIONS_248265,241617,NULL,1";;
120326,241610,r_jur_tercer_nivel,,teleSYGRIS_R_JUR_TERCER_NIVEL_241610,241617,NULL,0;;
"120326,248266,""d_rhh_pais Translations"",""Translations table for collection d_rhh_pais"",teleSYGRIS_D_RHH_PAIS_TRANSLATIONS_248266,241617,NULL,1";;
"120326,248267,""d_rhh_area_indicadores Translations"",""Translations table for collection d_rhh_area_indicadores"",teleSYGRIS_D_RHH_AREA_INDICADORES_TRANSLAT_248267,241617,NULL,1";;
120326,241612,d_rhh_ano,,teleSYGRIS_D_RHH_ANO_241612,241617,NULL,0;;
"120326,248268,""d_rhh_indicadores Translations"",""Translations table for collection d_rhh_indicadores"",teleSYGRIS_D_RHH_INDICADORES_TRANSLATIONS_248268,241617,NULL,1";;
"120326,248269,""r_rhh_indicadores Translations"",""Translations table for collection r_rhh_indicadores"",teleSYGRIS_R_RHH_INDICADORES_TRANSLATIONS_248269,241617,NULL,1";;
120326,241618,d_rhh_mes,,teleSYGRIS_D_RHH_MES_241618,241617,248265,0;;
120326,241619,r_jur_cuarto_nivel,,teleSYGRIS_R_JUR_CUARTO_NIVEL_241619,241617,NULL,0;;
120326,241622,d_rhh_escenarios,,teleSYGRIS_D_RHH_ESCENARIOS_241622,241617,NULL,0;;
120326,241623,u_rhh_carga_indicadores,,teleSYGRIS_U_RHH_CARGA_INDICADORES_241623,241617,NULL,0;;
120326,242656,d_rhh_tipo_de_entidad,,teleSYGRIS_D_RHH_TIPO_DE_ENTIDAD_242656,241617,NULL,0;;
120326,241633,r_rhh_indicadores,,teleSYGRIS_R_RHH_INDICADORES_241633,241617,248269,0;;
120326,242657,r_rhh_tipo_entidad_juridica,,teleSYGRIS_R_RHH_TIPO_ENTIDAD_JURIDICA_242657,241617,NULL,0;;
120326,252648,rhh_export_edades_materializada,,teleSYGRIS_RHH_EXPORT_EDADES_MATERIALIZADA_252648,241617,NULL,0;;
120326,248302,Manual_eng,,teleSYGRIS_MANUAL_ENG_248302,241617,NULL,0;;
120326,241655,d_cue_proceso,,teleSYGRIS_D_CUE_PROCESO_241655,241617,248261,0;;
120326,241656,r_cue_actividad,,teleSYGRIS_R_CUE_ACTIVIDAD_241656,241617,248262,0;;
120326,241657,r_cue_subactividad,,teleSYGRIS_R_CUE_SUBACTIVIDAD_241657,241617,248263,0;;
120326,241658,d_rhh_cuestionarios,,teleSYGRIS_D_RHH_CUESTIONARIOS_241658,241617,248264,0;;
"120326,243450,""Responsables de sociedades juridicas"",""Relaciona cada usuario con rol de responsable con las sociedades jurídicas que le atañen."",teleSYGRIS_RESPONSABLES_DE_SOCIEDADES_JURI_243450,241617,NULL,0";;
120326,241659,u_rhh_carga_subactividades,,teleSYGRIS_U_RHH_CARGA_SUBACTIVIDADES_241659,241617,NULL,0;;
"120326,239396,""Contribuciones a organizaciones"",,teleSYGRIS_CONTRIBUCIONES_A_ORGANIZACIONES_239396,241499,NULL,0";;
120326,241293,Divisa,,teleSYGRIS_DIVISA_241293,241499,NULL,0;;
"120326,245909,""Tipo de cambio cuestionario etica"",,teleSYGRIS_TIPO_DE_CAMBIO_CUESTIONARIO_ETI_245909,241499,NULL,0";;
120326,233087,Trimestre_Indicadores,,teleSYGRIS_TRIMESTRE_INDICADORES_233087,232634,NULL,0;;
120326,255147,Compliance_trimestres,,teleSYGRIS_COMPLIANCE_TRIMESTRES_255147,232634,NULL,0;;
"120326,232633,""Materia Compliance"",,teleSYGRIS_MATERIA_COMPLIANCE_232633,232634,232667,0";;
"120326,232635,""Submateria Compliance"",,teleSYGRIS_SUBMATERIA_COMPLIANCE_232635,232634,232668,0";;
"120326,232638,""Indicador Compliance"",,teleSYGRIS_INDICADOR_COMPLIANCE_232638,232634,232654,0";;
120326,232642,Compliance,,teleSYGRIS_COMPLIANCE_232642,232634,NULL,0;;
"120326,232654,""Indicador Compliance Translations"",""Translations table for collection Indicador Compliance"",teleSYGRIS_INDICADOR_COMPLIANCE_TRANSLATIO_232654,232634,NULL,1";;
"120326,232667,""Materia Compliance Translations"",""Translations table for collection Materia Compliance"",teleSYGRIS_MATERIA_COMPLIANCE_TRANSLATIONS_232667,232634,NULL,1";;
"120326,232668,""Submateria Compliance Translations"",""Translations table for collection Submateria Compliance"",teleSYGRIS_SUBMATERIA_COMPLIANCE_TRANSLATI_232668,232634,NULL,1";;
"120326,300800,""Email auxiliar coordinador"",,teleSYGRIS_EMAIL_AUXILIAR_COORDINADOR_300800,221510,NULL,0";;
"120326,228873,""Roles auditorías"",""Datatype (todos los roles dentro de este proyecto, son 6)"",teleSYGRIS_ROLES_AUDITORIAS_228873,221510,NULL,0";;
"120326,228874,""Usuarios auditorías"",""Listado de usuarios que participan en este proyecto, con sus roles"",teleSYGRIS_USUARIOS_AUDITORIAS_228874,221510,NULL,0";;
"120326,228365,""Tipo Auditoria"",""Datatype (Corporativa o local)"",teleSYGRIS_TIPO_AUDITORIA_228365,221510,237081,0";;
"120326,237079,""Tipo de Riesgo (ante NC) Translations"",""Translations table for collection Tipo de Riesgo (ante NC)"",teleSYGRIS_TIPO_DE_RIESGO_ANTE_NC_TRANSLAT_237079,221510,NULL,1";;
"120326,237080,""Tipo información requerida Translations"",""Translations table for collection Tipo información requerida"",teleSYGRIS_TIPO_INFORMACION_REQUERIDA_TRAN_237080,221510,NULL,1";;
"120326,237081,""Tipo Auditoria Translations"",""Translations table for collection Tipo Auditoria"",teleSYGRIS_TIPO_AUDITORIA_TRANSLATIONS_237081,221510,NULL,1";;
"120326,237082,""Tipo proceso Translations"",""Translations table for collection Tipo proceso"",teleSYGRIS_TIPO_PROCESO_TRANSLATIONS_237082,221510,NULL,1";;
"120326,228389,""Lista proveedores auditar"",""Listado proveedores. CARGAR CADA AÑO"",teleSYGRIS_LISTA_PROVEEDORES_AUDITAR_228389,221510,NULL,0";;
"120326,228390,""Tipo proceso"",""Datatype (apoyo, comercial, producción, soporte comercial)"",teleSYGRIS_TIPO_PROCESO_228390,221510,237082,0";;
"120326,228391,""Tipo proveedor"",""Datatype (global ó local)"",teleSYGRIS_TIPO_PROVEEDOR_228391,221510,NULL,0";;
"120326,228392,""Listado paises solicitantes"",""Países con sus firmas"",teleSYGRIS_LISTADO_PAISES_SOLICITANTES_228392,221510,NULL,0";;
"120326,278316,""Firmas auxiliares"",""Firmas auxiliares de proveedores"",teleSYGRIS_FIRMAS_AUXILIARES_278316,221510,NULL,0";;
"120326,228402,""Listado actividades"",""Datatype (Catálogo actividades según el proceso)"",teleSYGRIS_LISTADO_ACTIVIDADES_228402,221510,NULL,0";;
"120326,208691,""No Conformidades"",""Se rellena desde la pantalla"",teleSYGRIS_NO_CONFORMIDADES_208691,221510,NULL,0";;
"120326,228415,""Personas contacto áreas internas (no usada)"",""(no se usa)"",teleSYGRIS_PERSONAS_CONTACTO_AREAS_INTERNA_228415,221510,NULL,0";;
"120326,228416,""Motivos no realización auditoria"",""Datatype (Catálogo motivos)"",teleSYGRIS_MOTIVOS_NO_REALIZACION_AUDITORI_228416,221510,238254,0";;
"120326,231744,""Opciones de respuesta"",""Datatype con las posibles respuestas"",teleSYGRIS_OPCIONES_DE_RESPUESTA_231744,221510,NULL,0";;
"120326,228418,""Responsables del contrato"",""(no se usa)"",teleSYGRIS_RESPONSABLES_DEL_CONTRATO_228418,221510,NULL,0";;
"120326,202307,Auditoría,""Después de cargar proveedores, CARGAR una auditoría para cada proveedor (confirmación previa de Telefónica)"",teleSYGRIS_AUDITORIA_202307,221510,NULL,0";;
"120326,221507,""Empresa auditora"",""Datatype (Catálogo empresas que van a hacer la auditoría)"",teleSYGRIS_EMPRESA_AUDITORA_221507,221510,NULL,0";;
"120326,202308,""Plan de acción"",""(no se usa)"",teleSYGRIS_PLAN_DE_ACCION_202308,221510,NULL,0";;
"120326,221508,Auditores,""Listado de auditores para cada auditoría que rellenan desde la pantalla"",teleSYGRIS_AUDITORES_221508,221510,NULL,0";;
"120326,232779,""Comentarios planes acción"",""Comentarios entre proveedor y gestor"",teleSYGRIS_COMENTARIOS_PLANES_ACCION_232779,221510,NULL,0";;
"120326,201818,""Cuestionario proveedores"",""Respuestas de los proveedores. Lo rellenan desde la pantalla"",teleSYGRIS_CUESTIONARIO_PROVEEDORES_201818,221510,NULL,0";;
"120326,231771,""Comentarios dialogos"",""Comentarios entre proveedor y gestor"",teleSYGRIS_COMENTARIOS_DIALOGOS_231771,221510,NULL,0";;
"120326,201822,Preguntas,""Preguntas de la auditoría. CARGAR CADA AÑO"",teleSYGRIS_PREGUNTAS_201822,221510,NULL,0";;
"120326,201844,""Preguntas según país"",""Preguntas para cada país. CARGAR CADA AÑO"",teleSYGRIS_PREGUNTAS_SEGUN_PAIS_201844,221510,NULL,0";;
"120326,201851,""Preguntas por proveedor"",""Preguntas para cada tipo proveedor. CARGAR CADA AÑO (no se usa)"",teleSYGRIS_PREGUNTAS_POR_PROVEEDOR_201851,221510,NULL,0";;
"120326,239498,""Repositorio Informes consolidados"",""(no se usa)"",teleSYGRIS_REPOSITORIO_INFORMES_CONSOLIDAD_239498,221510,NULL,0";;
"120326,211342,""Información proveedores (no usada)"",""(no se usa)"",teleSYGRIS_INFORMACION_PROVEEDORES_NO_USAD_211342,221510,NULL,0";;
"120326,229520,""Repositorio Ficheros Adjuntos"",""Documentos que carga Telefónica desde la pantalla"",teleSYGRIS_REPOSITORIO_FICHEROS_ADJUNTOS_229520,221510,NULL,0";;
"120326,231829,""Estado diálogos"",""Datatype (finalizado, revisado, entregado)"",teleSYGRIS_ESTADO_DIALOGOS_231829,221510,NULL,0";;
"120326,238254,""Motivos no realización auditoria Translations"",""Translations table for collection Motivos no realización auditoria"",teleSYGRIS_MOTIVOS_NO_REALIZACION_AUDITORI_238254,221510,NULL,1";;
"120326,242117,""Auxiliar fecha ejecucion"",""Colección auxiliar que se rellena sola"",teleSYGRIS_AUXILIAR_FECHA_EJECUCION_242117,221510,NULL,0";;
"120326,231626,""Tipo de Riesgo ante NC"",""Datatype tipo de riesgo y plazo"",teleSYGRIS_TIPO_DE_RIESGO_ANTE_NC_231626,221510,237079,0";;
"120326,231630,""Tipo información requerida"",""Datatype (cualitativa, riesgo, N/A)"",teleSYGRIS_TIPO_INFORMACION_REQUERIDA_231630,221510,237080,0";;
"120326,208591,""Participantes auditados"",""Se rellena desde la pantalla"",teleSYGRIS_PARTICIPANTES_AUDITADOS_208591,221510,NULL,0";;
"120326,231637,""Comentarios informe"",""(no se usa)"",teleSYGRIS_COMENTARIOS_INFORME_231637,221510,NULL,0";;
"120326,230372,""Años auditorias"",""Datatype años (con año pasado y futuro)"",teleSYGRIS_ANOS_AUDITORIAS_230372,221510,NULL,0";;
"120326,230628,Injerencia,""Preguntas de injerencia de cada auditoría. Se rellena desde la pantalla"",teleSYGRIS_INJERENCIA_230628,221510,NULL,0";;
"120326,230629,""Datatype 1 - Injerencia"",Datatype,teleSYGRIS_DATATYPE_1_INJERENCIA_230629,221510,NULL,0";;
"120326,230630,""Datatype 2 - Injerencia"",Datatype,teleSYGRIS_DATATYPE_2_INJERENCIA_230630,221510,NULL,0";;
"120326,230631,""Datatype 3 - Injerencia"",Datatype,teleSYGRIS_DATATYPE_3_INJERENCIA_230631,221510,NULL,0";;
"120326,233461,""Auxiliar para triggers de auditorias"",""Colección auxiliar que se rellena con una query, para usar en triggers"",teleSYGRIS_AUXILIAR_PARA_TRIGGERS_DE_AUDIT_233461,221510,NULL,0";;
"120326,204916,""2017 - tele - Coleccion Energia Otros v2"",,teleSYGRIS_2017_tele_COLECCION_ENERG_204916,204966,NULL,0";;
"120326,204931,""2017 - tele - Coleccion Consumos Energia v2"",,teleSYGRIS_2017_tele_COLECCION_CONSU_204931,204966,NULL,0";;
"120326,203061,""Comunidades Perfiles"",,teleSYGRIS_COMUNIDADES_PERFILES_203061,202886,NULL,0";;
120326,204398,Innovacion_comunidades,,teleSYGRIS_INNOVACION_COMUNIDADES_204398,202886,NULL,0;;
"120326,208599,""Mundo_ accesos"",,teleSYGRIS_MUNDO__ACCESOS_208599,202886,NULL,0";;
"120326,203238,""Mundo Perfiles"",,teleSYGRIS_MUNDO_PERFILES_203238,202886,NULL,0";;
"120326,203000,""Traducciones Perfiles"",,teleSYGRIS_TRADUCCIONES_PERFILES_203000,202886,NULL,0";;
"120326,202743,""Servicios/productos ofrecidos a menores"",""Todos los productos y servicios que Telefónica ofrece especificamente a menores (se define ""menor"" según la legislación local de cada país) via web, TV, tiendas o cualquier otro canal. Se incluyen tambien promociones temporales, entiendo como tal, aquellas que se lanzan durante un tiempo concreto para dar visibilidad a un producto/servicio. Se especificará el nombre, tipo de producto/servicio, descripción, público al que va dirigido y url pública que confirma la existencia de ese producto/servicio"",teleSYGRIS_SERVICIOSPRODUCTOS_OFRECIDOS_A__202743,202774,NULL,0";;
"120326,202744,""Servicios/productos/herramientas cuyo objetivo es la protección al menor en el entorno digital (movil, Internet y TV)"",""Todos los productos/servicios/herramientas que  ofrecen soluciones para proteger la privacidad, seguridad y la actividad del menor en red (movil, Internet y TV) Ej: Servicios de control parental";" seguros especificos para proteger a los menores, etiquetado/clasificación de contenidos etc.. Se especificará el nombre, tipo de producto/servicio/herramienta, descripción,  y url pública que confirma la existencia de ese producto/servicio/herramienta"",teleSYGRIS_SERVICIOSPRODUCTOSHERRAMIENTAS__202744,202774,NULL,0";
"120326,202745,""Canales de reporte de contenidos inapropiados para menores"",""Todos los canales que ofrecemos a nuestros clientes para que puedan reportar/denunciar los contenidos inapropiados para menores. Pueden estar descritos en los terminos y condiciones publicados por cada operadora (OB) o ser denuncias de contenidos que el cliente considera inapropiados para el menor. Se especificará el nombre, tipo, descripción y url pública que confirma la existencia de esos canales."",teleSYGRIS_CANALES_DE_REPORTE_DE_CONTENIDO_202745,202774,NULL,0";;
"120326,202746,""Acciones/proyectos de concienciación/formación para fomentar el buen uso de internet y la tecnología por parte de los me"",""Se incluyen cursos/talleres/jornadas/contenidos/recursos/acciones de comunicación (on line/off line) etc… dirigidas tanto a menores como a adultos con el objetivo de darle las herramientas necesarias para que puedan sacar el maximo provecho de la tecnología y proteger al menor. Estas acciones pueden desarrollarse tanto via web, presencial y TV. Se especificará el nombre, tipo, descripción y cualquier evidencia  que confirme la existencia de esas acciones/proyectos."",teleSYGRIS_ACCIONESPROYECTOS_DE_CONCIENCIA_202746,202774,NULL,0";;
"120326,202747,""Alianzas con instituciones publico/privadas cuyo objetivo es la protección del menor"",""Se incluyen todas las alianzas que tenemos a nivel corporativo y local para proteger al Menor (Gobiernos, ONGs"; cuerpos y fuerzas de Seguridad del Estado;" Sectoriales etc..). Se especificará el nombre, tipo, descripción y cualquier evidencia  que confirme la existencia de estas alianzas."",teleSYGRIS_ALIANZAS_CON_INSTITUCIONES_PUBL_202747,202774,NULL,0"
120326,281605,Criticidad,Catálogo,teleSYGRIS_CRITICIDAD_281605,202563,284586,0;;
"120326,284685,""Plantillas emails Translations"",""Translations table for collection Plantillas emails"",teleSYGRIS_PLANTILLAS_EMAILS_TRANSLATIONS_284685,202563,NULL,1";;
"120326,303658,""Tipologias consultas comerciales"",,teleSYGRIS_TIPOLOGIAS_CONSULTAS_COMERCIALE_303658,202563,NULL,0";;
"120326,202566,""Canal Gestión Responsable"",,teleSYGRIS_CANAL_GESTION_RESPONSABLE_202566,202563,NULL,0";;
"120326,296269,""Emails del gestor"",,teleSYGRIS_EMAILS_DEL_GESTOR_296269,202563,NULL,0";;
"120326,281171,""Plantillas emails"",,teleSYGRIS_PLANTILLAS_EMAILS_281171,202563,284685,0";;
120326,287321,Delegaciones,,teleSYGRIS_DELEGACIONES_287321,202563,NULL,0;;
"120326,298606,""Enviar email"",,teleSYGRIS_ENVIAR_EMAIL_298606,202563,NULL,0";;
"120326,280965,""Logs de emails canal de negocio responsable"",,teleSYGRIS_LOGS_DE_EMAILS_CANAL_DE_NEGOCIO_280965,202563,NULL,0";;
"120326,284586,""Criticidad Translations"",""Translations table for collection Criticidad"",teleSYGRIS_CRITICIDAD_TRANSLATIONS_284586,202563,NULL,1";;
120326,208059,Temática,,teleSYGRIS_TEMATICA_208059,202563,219449,0;;
"120326,298225,""Reenviar consulta"",,teleSYGRIS_REENVIAR_CONSULTA_298225,202563,NULL,0";;
120326,202011,Ética,,teleSYGRIS_ETICA_202011,200930,NULL,0;;
120326,267644,Comentarios,,teleSYGRIS_COMENTARIOS_267644,200930,NULL,0;;
120326,220942,Ecovadis,,teleSYGRIS_ECOVADIS_220942,200673,NULL,0;;
"120326,237074,""Tipo Translations"",""Translations table for collection Tipo"",teleSYGRIS_TIPO_TRANSLATIONS_237074,200673,NULL,1";;
"120326,237075,""Subtipo Translations"",""Translations table for collection Subtipo"",teleSYGRIS_SUBTIPO_TRANSLATIONS_237075,200673,NULL,1";;
"120326,203541,""Satisfacción del proveedor"",""(Información sólo en años pares)"",teleSYGRIS_SATISFACCION_DEL_PROVEEDOR_203541,200673,NULL,0";;
"120326,249115,""Análisis de riesgos final"",""11º) Análisis de riesgos materializado, después de actualizar el paso 10"",teleSYGRIS_ANALISIS_DE_RIESGOS_FINAL_249115,200673,NULL,0";;
"120326,212004,""Catálogo de Riesgos"",""7º) Igual que el paso 6º. La colección es igual"",teleSYGRIS_CATALOGO_DE_RIESGOS_212004,200673,NULL,0";;
"120326,215844,""Selector de Aspectos Translations"",""Translations table for collection Selector de Aspectos"",teleSYGRIS_SELECTOR_DE_ASPECTOS_TRANSLATIO_215844,200673,NULL,1";;
"120326,215845,""Selector de LP Translations"",""Translations table for collection Selector de LP"",teleSYGRIS_SELECTOR_DE_LP_TRANSLATIONS_215845,200673,NULL,1";;
"120326,281396,""Joint Audit Cooperation"",,teleSYGRIS_JOINT_AUDIT_COOPERATION_281396,200673,NULL,0";;
"120326,214329,""Selector de Aspectos"",,teleSYGRIS_SELECTOR_DE_ASPECTOS_214329,200673,215844,0";;
"120326,281401,""Auditorías JAC Academy"",,teleSYGRIS_AUDITORIAS_JAC_ACADEMY_281401,200673,NULL,0";;
"120326,281404,""Encuestas a empleados"",,teleSYGRIS_ENCUESTAS_A_EMPLEADOS_281404,200673,NULL,0";;
"120326,202306,""Listado proveedores"",""8º) ACTUALIZAR EN ENERO CON LO QUE ENVÍEN. Listado con códigos SAC únicos, no el nombre del proveedor"",teleSYGRIS_LISTADO_PROVEEDORES_202306,200673,NULL,0";;
"120326,277318,""Otras auditorías locales"",,teleSYGRIS_OTRAS_AUDITORIAS_LOCALES_277318,200673,NULL,0";;
120326,201036,Proveedores,,teleSYGRIS_PROVEEDORES_201036,200673,NULL,0;;
"120326,209486,""Líneas de producto"",""Catálogo: LDP"",teleSYGRIS_LINEAS_DE_PRODUCTO_209486,200673,216246,0";;
"120326,213843,""Alternativa temporal"",""10º) Comprobar que se ha incluido nuevo año (trigger punto 9º). Análisis riesgos materializado con la query 303422"",teleSYGRIS_ALTERNATIVA_TEMPORAL_213843,200673,NULL,0";;
"120326,281427,""Indicadores JAC"",,teleSYGRIS_INDICADORES_JAC_281427,200673,NULL,0";;
"120326,210009,""Ponderación por países"",""3º) ACTUALIZAR EN ENERO CON LO QUE ENVÍEN. Listado países que aparecen en el estudio con ponderaciones"",teleSYGRIS_PONDERACION_POR_PAISES_210009,200673,NULL,0";;
120326,201819,Tipo,,teleSYGRIS_TIPO_201819,200673,237074,0;;
120326,201820,Subtipo,,teleSYGRIS_SUBTIPO_201820,200673,237075,0;;
"120326,201821,""Grupo proveedores"",""Catálogo: Listado grupo proveedores"",teleSYGRIS_GRUPO_PROVEEDORES_201821,200673,NULL,0";;
"120326,212317,""Análisis de riesgo por columnas"",""6º) ACTUALIZAR EN ENERO CON LO QUE ENVÍEN. Análisis de riesgo por aspectos de sostenibilidad"",teleSYGRIS_ANALISIS_DE_RIESGO_POR_COLUMNAS_212317,200673,NULL,0";;
"120326,214389,""Selector de LP"",,teleSYGRIS_SELECTOR_DE_LP_214389,200673,215845,0";;
"120326,211331,""Ponderación por aspectos"",""2º) ACTUALIZAR EN ENERO CON LO QUE ENVÍEN. Año único con ponderación por aspectos"",teleSYGRIS_PONDERACION_POR_ASPECTOS_211331,200673,NULL,0";;
"120326,211337,""Ponderación por producto e impacto"",""4º) ACTUALIZAR EN ENERO CON LO QUE ENVÍEN. Filtro 2 (tipo producto) y filtro 3 (impacto)"",teleSYGRIS_PONDERACION_POR_PRODUCTO_E_IMPA_211337,200673,NULL,0";;
"120326,207522,""Análisis Riesgo"",""5º) ACTUALIZAR EN ENERO CON LO QUE ENVÍEN. Listado subgrupos y concatenación. "",teleSYGRIS_ANALISIS_RIESGO_207522,200673,NULL,0";;
"120326,216246,""Líneas de producto Translations"",""Translations table for collection Líneas de producto"",teleSYGRIS_LINEAS_DE_PRODUCTO_TRANSLATIONS_216246,200673,NULL,1";;
"120326,216248,""Tipos de riesgo"",,teleSYGRIS_TIPOS_DE_RIESGO_216248,200673,216249,0";;
"120326,216249,""Tipos de riesgo Translations"",""Translations table for collection Tipos de riesgo"",teleSYGRIS_TIPOS_DE_RIESGO_TRANSLATIONS_216249,200673,NULL,1";;
"120326,202946,""Listado proveedores adjudicados"",""9º) ACTUALIZAR EN ENERO CON LO QUE ENVÍEN. Listado con los proveedores adjudicados"",teleSYGRIS_LISTADO_PROVEEDORES_ADJUDICADOS_202946,200673,NULL,0";;
"120326,202964,""Grupos de producto"",""1º) ACTUALIZAR EN ENERO CON LO QUE ENVÍEN. Listado con todos los grupos y subgrupos que intervienen"",teleSYGRIS_GRUPOS_DE_PRODUCTO_202964,200673,NULL,0";;
"120326,303586,""Empresas jurídicas para análisis riesgo"",""0º) Antes de cargar la lista de proveedores, comprobar que las jurídicas están en este catálogo"",teleSYGRIS_EMPRESAS_JURIDICAS_PARA_ANALISI_303586,200673,NULL,0";;
"120326,220908,""TOP Proveedores"",,teleSYGRIS_TOP_PROVEEDORES_220908,200673,NULL,0";;
"120326,222194,""Proveedores sociales"",,teleSYGRIS_PROVEEDORES_SOCIALES_222194,200673,NULL,0";;
"120326,297994,r_ene_semestre_de_estudio,""Define el trimestre predeterminado en la spáginas de energía, emisiones y compliance"",teleSYGRIS_R_ENE_SEMESTRE_DE_ESTUDIO_297994,199295,NULL,0";;
"120326,297996,Periodos-Entidades,""Exporta IDs de Periodos y entidades nuevas"",teleSYGRIS_PERIODOS_ENTIDADES_297996,199295,NULL,0";;
"120326,297998,r_ene_ano_entidadactivas,""Define las entidades activas por año en las páginas de energía y emisiones"",teleSYGRIS_R_ENE_ANO_ENTIDADACTIVAS_297998,199295,NULL,0";;
"120326,199700,""Agregación + Instalación"",,teleSYGRIS_AGREGACION_INSTALACION_199700,199295,NULL,0";;
"120326,298013,""Glosario de energía"",,teleSYGRIS_GLOSARIO_DE_ENERGIA_298013,199295,NULL,0";;
120326,215859,Intensidades,,teleSYGRIS_INTENSIDADES_215859,199295,NULL,0;;
"120326,207680,""Consumos valores id indicadores"",,teleSYGRIS_CONSUMOS_VALORES_ID_INDICADORES_207680,199295,NULL,0";;
"120326,208966,""Instalaciones Translations"",""Translations table for collection Instalaciones"",teleSYGRIS_INSTALACIONES_TRANSLATIONS_208966,199295,NULL,1";;
"120326,303951,""Glosario de Emisiones"",,teleSYGRIS_GLOSARIO_DE_EMISIONES_303951,199295,NULL,0";;
120326,207703,Instalaciones,,teleSYGRIS_INSTALACIONES_207703,199295,208966,0;;
"120326,260183,""Consumos Valores Testeo"",,teleSYGRIS_CONSUMOS_VALORES_TESTEO_260183,199295,NULL,0";;
"120326,207708,""Tipos consumo por instalaciones"",,teleSYGRIS_TIPOS_CONSUMO_POR_INSTALACIONES_207708,199295,NULL,0";;
"120326,199781,""Agregacion + Consumo"",,teleSYGRIS_AGREGACION_CONSUMO_199781,199295,NULL,0";;
"120326,215918,""Verificacion Emisiones"",,teleSYGRIS_VERIFICACION_EMISIONES_215918,199295,NULL,0";;
"120326,201598,""Tipo Consumo Translations"",""Translations table for collection Tipo Consumo"",teleSYGRIS_TIPO_CONSUMO_TRANSLATIONS_201598,199295,NULL,1";;
"120326,199307,""Tipo Consumo"",,teleSYGRIS_TIPO_CONSUMO_199307,199295,201598,0";;
"120326,199310,""Subtipo Consumo"",,teleSYGRIS_SUBTIPO_CONSUMO_199310,199295,201661,0";;
"120326,215186,""Emisiones Scope 2"",,teleSYGRIS_EMISIONES_SCOPE_2_215186,199295,NULL,0";;
"120326,199321,""Unidad de medida"",,teleSYGRIS_UNIDAD_DE_MEDIDA_199321,199295,NULL,0";;
"120326,201384,""Consumos Valores"",,teleSYGRIS_CONSUMOS_VALORES_201384,199295,NULL,0";;
"120326,201385,""Factores Conversion KWh"",,teleSYGRIS_FACTORES_CONVERSION_KWH_201385,199295,NULL,0";;
"120326,201386,""Factores emision"",,teleSYGRIS_FACTORES_EMISION_201386,199295,NULL,0";;
"120326,199601,""Tipo unidad de medida"",,teleSYGRIS_TIPO_UNIDAD_DE_MEDIDA_199601,199295,NULL,0";;
"120326,201661,""Subtipo Consumo Translations"",""Translations table for collection Subtipo Consumo"",teleSYGRIS_SUBTIPO_CONSUMO_TRANSLATIONS_201661,199295,NULL,1";;
"120326,187603,""Campos Electromagnéticos"",,teleSYGRIS_CAMPOS_ELECTROMAGNETICOS_187603,187602,NULL,0";;
"120326,187787,""Estaciones base"",,teleSYGRIS_ESTACIONES_BASE_187787,187601,NULL,0";;
120326,187789,Centrales,,teleSYGRIS_CENTRALES_187789,187601,NULL,0;;
"120326,187790,""Data Centers"",,teleSYGRIS_DATA_CENTERS_187790,187601,NULL,0";;
120326,187791,Oficinas,,teleSYGRIS_OFICINAS_187791,187601,NULL,0;;
"120326,187792,""Call Centers"",,teleSYGRIS_CALL_CENTERS_187792,187601,NULL,0";;
120326,187793,Tiendas,,teleSYGRIS_TIENDAS_187793,187601,NULL,0;;
120326,187794,Vehículos,,teleSYGRIS_VEHICULOS_187794,187601,NULL,0;;
120326,187795,Equipos,,teleSYGRIS_EQUIPOS_187795,187601,NULL,0;;
"120326,168999,""Ficha Medio Ambiente"",,teleSYGRIS_FICHA_MEDIO_AMBIENTE_168999,187562,NULL,0";;
"120326,281215,""Indicadores economia circular"",""Listado de indicadores usados en la página de medioambiente"",teleSYGRIS_INDICADORES_ECONOMIA_CIRCULAR_281215,187562,NULL,0";;
"120326,281220,""Economía circular"",""Colección base para la página de Medioambiente"",teleSYGRIS_ECONOMIA_CIRCULAR_281220,187562,NULL,0";;
"120326,187563,""Otros Medioambiente"",,teleSYGRIS_OTROS_MEDIOAMBIENTE_187563,187562,NULL,0";;
"120326,187565,""Consumo de Materiales y Recursos"",,teleSYGRIS_CONSUMO_DE_MATERIALES_Y_RECURSO_187565,187562,NULL,0";;
"120326,187594,""Gestión de residuos y aparatos en desuso"",,teleSYGRIS_GESTION_DE_RESIDUOS_Y_APARATOS__187594,187562,NULL,0";;
"120326,216779,""Subtipo Residuo Translations"",""Translations table for collection Subtipo Residuo"",teleSYGRIS_SUBTIPO_RESIDUO_TRANSLATIONS_216779,187562,NULL,1";;
"120326,216780,""Tipo Residuo Translations"",""Translations table for collection Tipo Residuo"",teleSYGRIS_TIPO_RESIDUO_TRANSLATIONS_216780,187562,NULL,1";;
"120326,216781,""Tipo Tratamiento Translations"",""Translations table for collection Tipo Tratamiento"",teleSYGRIS_TIPO_TRATAMIENTO_TRANSLATIONS_216781,187562,NULL,1";;
"120326,298192,r_med_entidadesactivas,""Define las entidades activas por año en las páginas de medioambiente y compliance"",teleSYGRIS_R_MED_ENTIDADESACTIVAS_298192,187562,NULL,0";;
"120326,216274,""Otros Medioambiente v2"",,teleSYGRIS_OTROS_MEDIOAMBIENTE_V2_216274,187562,NULL,0";;
"120326,216278,""Tipo Residuo"",,teleSYGRIS_TIPO_RESIDUO_216278,187562,216780,0";;
"120326,216279,""Subtipo Residuo"",,teleSYGRIS_SUBTIPO_RESIDUO_216279,187562,216779,0";;
"120326,216280,""Tipo Tratamiento"",,teleSYGRIS_TIPO_TRATAMIENTO_216280,187562,216781,0";;
"120326,216281,""Consumo residuos id indicadores"",,teleSYGRIS_CONSUMO_RESIDUOS_ID_INDICADORES_216281,187562,NULL,0";;
"120326,187609,""SISTEMA DE GESTIÓN AMBIENTAL"",,teleSYGRIS_SISTEMA_DE_GESTION_AMBIENTAL_187609,187562,NULL,0";;
"120326,216282,""Consumo residuos"",,teleSYGRIS_CONSUMO_RESIDUOS_216282,187562,NULL,0";;
"120326,187626,""Objetivos M.A"",,teleSYGRIS_OBJETIVOS_MA_187626,187562,NULL,0";;
"120326,189705,""Conversion Kwh"",,teleSYGRIS_CONVERSION_KWH_189705,187187,NULL,0";;
"120326,188967,""Entidad y año"",,teleSYGRIS_ENTIDAD_Y_ANO_188967,187187,NULL,0";;
120326,187182,Año,,teleSYGRIS_ANO_187182,187187,NULL,0;;
120326,187183,País,,teleSYGRIS_PAIS_187183,187187,201442,0;;
120326,187188,Entidad,,teleSYGRIS_ENTIDAD_187188,187187,NULL,0;;
120326,187189,Semestre,,teleSYGRIS_SEMESTRE_187189,187187,220593,0;;
"120326,219458,""Meses Translations"",""Translations table for collection Meses"",teleSYGRIS_MESES_TRANSLATIONS_219458,187187,NULL,1";;
120326,208712,Roles,,teleSYGRIS_ROLES_208712,187187,NULL,0;;
120326,202569,Fecha,,teleSYGRIS_FECHA_202569,187187,NULL,0;;
120326,202571,Meses,,teleSYGRIS_MESES_202571,187187,219458,0;;
120326,213081,Continentes,,teleSYGRIS_CONTINENTES_213081,187187,NULL,0;;
"120326,201071,""Entidades RRHH"",,teleSYGRIS_ENTIDADES_RRHH_201071,187187,NULL,0";;
"120326,280200,""Conversion Kwh 2018"",,teleSYGRIS_CONVERSION_KWH_2018_280200,187187,NULL,0";;
120326,187282,Conversion,,teleSYGRIS_CONVERSION_187282,187187,NULL,0;;
"120326,298397,""Conversión a euros"",""Conversión de monedas locales a euros para cada año"",teleSYGRIS_CONVERSION_A_EUROS_298397,187187,NULL,0";;
"120326,234415,""Semestre Total"",,teleSYGRIS_SEMESTRE_TOTAL_234415,187187,NULL,0";;
"120326,220593,""Semestre Translations"",""Translations table for collection Semestre"",teleSYGRIS_SEMESTRE_TRANSLATIONS_220593,187187,NULL,1";;
120326,200629,Permisos,,teleSYGRIS_PERMISOS_200629,187187,NULL,0;;
"120326,201442,""País Translations"",""Translations table for collection País"",teleSYGRIS_PAIS_TRANSLATIONS_201442,187187,NULL,1";;
"120326,211569,""Datos Infra Energia"",,teleSYGRIS_DATOS_INFRA_ENERGIA_211569,187180,NULL,0";;
"120326,188287,""Consumo Global Energia Renovable"",,teleSYGRIS_CONSUMO_GLOBAL_ENERGIA_RENOVABL_188287,187180,NULL,0";;
"120326,187785,""Grupos Electrógenos"",,teleSYGRIS_GRUPOS_ELECTROGENOS_187785,187180,NULL,0";;
"120326,187786,""Sitios Operativos en base a energía renovable"",,teleSYGRIS_SITIOS_OPERATIVOS_EN_BASE_A_ENE_187786,187180,NULL,0";;
"120326,187531,""Consumo Viajes"",,teleSYGRIS_CONSUMO_VIAJES_187531,187180,NULL,0";;
"120326,187788,""Número de equipos con gas refrigerante"",,teleSYGRIS_NUMERO_DE_EQUIPOS_CON_GAS_REFRI_187788,187180,NULL,0";;
"120326,187280,""Consumo Combustible"",,teleSYGRIS_CONSUMO_COMBUSTIBLE_187280,187180,NULL,0";;
"120326,187281,""Factor Combustible"",,teleSYGRIS_FACTOR_COMBUSTIBLE_187281,187180,NULL,0";;
"120326,187284,""Consumo Eléctrico"",,teleSYGRIS_CONSUMO_ELECTRICO_187284,187180,NULL,0";;
"120326,187805,""Unidades Combustible"",,teleSYGRIS_UNIDADES_COMBUSTIBLE_187805,187180,NULL,0";;
120326,187807,Combustible,,teleSYGRIS_COMBUSTIBLE_187807,187180,NULL,0;;
"120326,187557,""Factor Distancia Viajes"",,teleSYGRIS_FACTOR_DISTANCIA_VIAJES_187557,187180,NULL,0";;
"120326,187302,""Factor Consumo Eléctrico"",,teleSYGRIS_FACTOR_CONSUMO_ELECTRICO_187302,187180,NULL,0";;
"120326,187558,""Consumo Gas refrigerante"",,teleSYGRIS_CONSUMO_GAS_REFRIGERANTE_187558,187180,NULL,0";;
"120326,187559,""Factor Gas refrigerantes"",,teleSYGRIS_FACTOR_GAS_REFRIGERANTES_187559,187180,NULL,0";;
"120326,187307,""Consumo Energía renovable"",,teleSYGRIS_CONSUMO_ENERGIA_RENOVABLE_187307,187180,NULL,0";;
120326,187564,OPEX,,teleSYGRIS_OPEX_187564,187180,NULL,0;;
"120326,187309,""Consumo Vehículos"",,teleSYGRIS_CONSUMO_VEHICULOS_187309,187180,NULL,0";;
"120326,187310,""Factor Combustible Vehículos"",,teleSYGRIS_FACTOR_COMBUSTIBLE_VEHICULOS_187310,187180,NULL,0";;
"120326,280352,""Indicadores energía y emisiones"",,teleSYGRIS_INDICADORES_ENERGIA_Y_EMISIONES_280352,-1,NULL,0";;
120326,305719,u_rsc_lanzar_migracion_apolo,,teleSYGRIS_U_RSC_LANZAR_MIGRACION_APOLO_305719,-1,NULL,0;;
120326,216376,test,,teleSYGRIS_TEST_216376,-1,NULL,0;;
"120326,303423,""test riesgos"",,teleSYGRIS_TEST_RIESGOS_303423,-1,NULL,0";;
"120326,212938,""Area y pais para trigger"",,teleSYGRIS_AREA_Y_PAIS_PARA_TRIGGER_212938,-1,NULL,0";;
"120326,216321,""Clientes Promesa"",,teleSYGRIS_CLIENTES_PROMESA_216321,NULL,NULL,0";;
"120326,204295,""Principales servicios adjudicados a Proveedores Sociales"",""Listado de principales servicios adjudicados a Proveedores Sociales, en base al volumen de compras adjudicado por el Grupo Telefónica con impacto en el año presupuestario en curso"",teleSYGRIS_PRINCIPALES_SERVICIOS_ADJUDICAD_204295,NULL,NULL,0";;
120326,297739,buscador_abecedario,,teleSYGRIS_BUSCADOR_ABECEDARIO_297739,NULL,NULL,0;;
"120326,280353,""Indicadores medioambiente"",,teleSYGRIS_INDICADORES_MEDIOAMBIENTE_280353,NULL,NULL,0";;
"120326,280358,""Intensidades 2"",,teleSYGRIS_INTENSIDADES_2_280358,NULL,NULL,0";;
"120326,256038,""d_rrhh_tipo de baja global"",,teleSYGRIS_D_RRHH_TIPO_DE_BAJA_GLOBAL_256038,NULL,NULL,0";;
"120326,256039,""d_rrhh_tipo de alta global"",,teleSYGRIS_D_RRHH_TIPO_DE_ALTA_GLOBAL_256039,NULL,NULL,0";;
120326,299054,u_aliados_permitir_edicion,,teleSYGRIS_U_ALIADOS_PERMITIR_EDICION_299054,NULL,NULL,0;;
120326,280111,Queryrecursiva,,teleSYGRIS_QUERYRECURSIVA_280111,NULL,NULL,0;;
120326,298287,Useless,,teleSYGRIS_USELESS_298287,NULL,NULL,0;;
"120326,278326,""Conversor nombres cuarto nivel"",,teleSYGRIS_CONVERSOR_NOMBRES_CUARTO_NIVEL_278326,NULL,NULL,0";;
"120326,216375,""Query Análisis de riesgo - sólo lectura"",,teleSYGRIS_QUERY_ANALISIS_DE_RIESGO_SOLO_L_216375,NULL,NULL,0";;
"120326,219449,""Temática Translations"",""Translations table for collection Temática"",teleSYGRIS_TEMATICA_TRANSLATIONS_219449,NULL,NULL,1";;
120326,201018,RRHH,,teleSYGRIS_RRHH_201018,NULL,NULL,0;;
"120326,219450,""Relacion con tele"",,teleSYGRIS_RELACION_CON_tele_219450,NULL,219451,0";;
120326,216379,test_solo_lectura,,teleSYGRIS_TEST_SOLO_LECTURA_216379,NULL,NULL,0;;
"120326,219451,""Relacion con tele Translations"",""Translations table for collection Relacion con tele"",teleSYGRIS_RELACION_CON_tele_TRANSLA_219451,NULL,NULL,1";;
"120326,219452,""Listado paises Translations"",""Translations table for collection Listado paises"",teleSYGRIS_LISTADO_PAISES_TRANSLATIONS_219452,NULL,NULL,1";;
"120326,201035,""Seguridad y Salud"",,teleSYGRIS_SEGURIDAD_Y_SALUD_201035,NULL,NULL,0";;
120326,201037,Clientes,,teleSYGRIS_CLIENTES_201037,NULL,NULL,0;;
120326,201038,Económicos,,teleSYGRIS_ECONOMICOS_201038,NULL,NULL,0;;
"120326,259406,""Prueba genero"",,teleSYGRIS_PRUEBA_GENERO_259406,NULL,NULL,0";;
"120326,283727,""Test Import"",,teleSYGRIS_TEST_IMPORT_283727,NULL,NULL,0";;
"120326,259407,""Prueba Lanzador"",,teleSYGRIS_PRUEBA_LANZADOR_259407,NULL,NULL,0";;
120326,278100,prueba,,teleSYGRIS_PRUEBA_278100,NULL,NULL,0;;
120326,278357,Email,,teleSYGRIS_EMAIL_278357,NULL,NULL,0;;
"120326,222044,""Alternativa temporal - sólo lectura"",,teleSYGRIS_ALTERNATIVA_TEMPORAL_SOLO_LECTU_222044,NULL,NULL,0";;
"120326,291691,""borrar planificacion"",,teleSYGRIS_BORRAR_PLANIFICACION_291691,NULL,NULL,0";;
120326,248946,importacion,,teleSYGRIS_IMPORTACION_248946,NULL,NULL,0;;
120326,299144,etl_test,,teleSYGRIS_ETL_TEST_299144,NULL,NULL,0;;
"120326,283785,""Test asociate from Test Import"",,teleSYGRIS_TEST_ASOCIATE_FROM_TEST_IMPORT_283785,NULL,NULL,0";;
120326,202378,DDHH,,teleSYGRIS_DDHH_202378,NULL,NULL,0;;
120326,299147,etl_dummy,,teleSYGRIS_ETL_DUMMY_299147,NULL,NULL,0;;
120326,299148,etl_out,,teleSYGRIS_ETL_OUT_299148,NULL,NULL,0;;
120326,209041,Reputación,,teleSYGRIS_REPUTACION_209041,NULL,NULL,0;;
120326,299159,etl_out_2,,teleSYGRIS_ETL_OUT_2_299159,NULL,NULL,0;;
"120326,280218,""Ajustes cuadro medioambiente"",,teleSYGRIS_AJUSTES_CUADRO_MEDIOAMBIENTE_280218,NULL,NULL,0";;
"120326,208038,""Listado paises"",,teleSYGRIS_LISTADO_PAISES_208038,NULL,219452,0";;
"120326,284839,""Borrador ID"",,teleSYGRIS_BORRADOR_ID_284839,NULL,NULL,0";;
"120326,187815,""Encuesta medio ambiente 2017"",,teleSYGRIS_ENCUESTA_MEDIO_AMBIENTE_2017_187815,NULL,NULL,0";;
"120326,256172,""prueba envío email"",,teleSYGRIS_PRUEBA_ENVIO_EMAIL_256172,NULL,NULL,0";;
120326,255149,Trimestres,,teleSYGRIS_TRIMESTRES_255149,NULL,NULL,0;;
120326,189883,Ratios,,teleSYGRIS_RATIOS_189883,NULL,NULL,0;;
120326,285628,caracola,,teleSYGRIS_CARACOLA_285628,NULL,NULL,0;;
"120326,274109,""Prueba enviar email nueva config"",,teleSYGRIS_PRUEBA_ENVIAR_EMAIL_NUEVA_CONFI_274109,NULL,NULL,0";;
"120326,215749,""Calidad de la red"",,teleSYGRIS_CALIDAD_DE_LA_RED_215749,NULL,NULL,0";;
"120326,249286,""Datos cabecera"",,teleSYGRIS_DATOS_CABECERA_249286,NULL,NULL,0";;
"120326,212936,""Area para triggers"",,teleSYGRIS_AREA_PARA_TRIGGERS_212936,NULL,NULL,0";;
"120326,212939,""Datos de contacto"",,teleSYGRIS_DATOS_DE_CONTACTO_212939,NULL,NULL,0";;
"120326,280526,""Indicadores medioambiente cuadro de mando"",,teleSYGRIS_INDICADORES_MEDIOAMBIENTE_CUADR_280526,NULL,NULL,0";;
"120326,234446,""Prueba fallos"",,teleSYGRIS_PRUEBA_FALLOS_234446,NULL,NULL,0";;
120326,201171,Indicadores,,teleSYGRIS_INDICADORES_201171,NULL,NULL,0;;
"120326,269270,""Permisos exportaciones RRHH"",,teleSYGRIS_PERMISOS_EXPORTACIONES_RRHH_269270,NULL,NULL,0";;
120326,200674,Plantilla,,teleSYGRIS_PLANTILLA_200674,NULL,NULL,0;;
120326,201198,Clientes-CHURN,,teleSYGRIS_CLIENTES_CHURN_201198,NULL,NULL,0;;
"120326,280049,""u_rhh_carga_indicadores PRUEBA"",,teleSYGRIS_U_RHH_CARGA_INDICADORES_PRUEBA_280049,NULL,NULL,0";;
"120326,201203,""RRHH por paises"",,teleSYGRIS_RRHH_POR_PAISES_201203,NULL,NULL,0";;
273818,304774,u_rrhh_información_enviar_rsc,,teleRRHH_U_RRHH_INFORMACION_ENVIAR_RSC_304774,304776,NULL,0;;
273818,304775,u_rrhh_lanzar_trigger_migracion,,teleRRHH_U_RRHH_LANZAR_TRIGGER_MIGRACION_304775,304776,NULL,0;;
"273818,301476,""Indicadores calculados_apolo_rsc"",,teleRRHH_INDICADORES_CALCULADOS_APOLO_RSC_301476,301477,NULL,0";;
"273818,301478,""d_nuevos indicadores_rsc"",,teleRRHH_D_NUEVOS_INDICADORES_RSC_301478,301477,NULL,0";;
273818,301561,Indicadores_apolo_rsc_limit_año,,teleRRHH_INDICADORES_APOLO_RSC_LIMIT_ANO_301561,301477,NULL,0;;
"273818,280650,""Plantilla Unica Informacion Solicitada"",,teleRRHH_PLANTILLA_UNICA_INFORMACION_SOLIC_280650,296040,NULL,0";;
"273818,296041,""Versiones Plantilla Única"",,teleRRHH_VERSIONES_PLANTILLA_UNICA_296041,296040,NULL,0";;
"273818,296331,""Tipo de modificacion"",,teleRRHH_TIPO_DE_MODIFICACION_296331,296040,NULL,0";;
"273818,296340,""Movimientos cierre de mes"",,teleRRHH_MOVIMIENTOS_CIERRE_DE_MES_296340,296040,NULL,0";;
"273818,296341,""Movimientos Plantilla Unica"",,teleRRHH_MOVIMIENTOS_PLANTILLA_UNICA_296341,296040,NULL,0";;
"273818,296446,""SBQ Movimientos periodo anterior"",,teleRRHH_SBQ_MOVIMIENTOS_PERIODO_ANTERIOR_296446,296040,NULL,0";;
273818,293480,u_rrhh_validaciones,,teleRRHH_U_RRHH_VALIDACIONES_293480,293483,NULL,0;;
273818,293481,u_rrhh_accesos_validaciones,,teleRRHH_U_RRHH_ACCESOS_VALIDACIONES_293481,293483,NULL,0;;
273818,293482,d_rrhh_niveles_aprobacion,,teleRRHH_D_RRHH_NIVELES_APROBACION_293482,293483,NULL,0;;
273818,291919,d_rrhh_rsc_Agregadores,,teleRRHH_D_RRHH_RSC_AGREGADORES_291919,291920,NULL,0;;
273818,291921,rrhh_rsc_agregador_juridica,,teleRRHH_RRHH_RSC_AGREGADOR_JURIDICA_291921,291920,NULL,0;;
"273818,291928,""rrhh_rsc_niveles agregacion"",,teleRRHH_RRHH_RSC_NIVELES_AGREGACION_291928,291920,NULL,0";;
"273818,280581,""Actualizar Script ETL"",,teleRRHH_ACTUALIZAR_SCRIPT_ETL_280581,280509,NULL,0";;
"273818,278022,""Imports altas"",,teleRRHH_IMPORTS_ALTAS_278022,280509,NULL,0";;
"273818,278023,""Import bajas"",,teleRRHH_IMPORT_BAJAS_278023,280509,NULL,0";;
"273818,278024,""Imports informacion solicitada"",,teleRRHH_IMPORTS_INFORMACION_SOLICITADA_278024,280509,NULL,0";;
"273818,287754,""Actualizar catálogo directivos"",,teleRRHH_ACTUALIZAR_CATALOGO_DIRECTIVOS_287754,280509,NULL,0";;
"273818,287755,""Imports altas Directivos"",,teleRRHH_IMPORTS_ALTAS_DIRECTIVOS_287755,280509,NULL,0";;
"273818,287764,""Imports bajas Directivos"",,teleRRHH_IMPORTS_BAJAS_DIRECTIVOS_287764,280509,NULL,0";;
"273818,287768,""Imports HeadCount Directivos"",,teleRRHH_IMPORTS_HEAD_COUNT_DIRECTIVOS_287768,280509,NULL,0";;
"273818,280351,""Modificaciones altas"",,teleRRHH_MODIFICACIONES_ALTAS_280351,280509,NULL,0";;
"273818,287777,""Lanzar script para calculo de indicadores directivos"",,teleRRHH_LANZAR_SCRIPT_PARA_CALCULO_DE_IND_287777,280509,NULL,0";;
273818,298554,t_brecha_año_mes_catalogo,,teleRRHH_T_BRECHA_ANO_MES_CATALOGO_298554,280509,NULL,0;;
"273818,298576,""Brecha Salarial V"",,teleRRHH_BRECHA_SALARIAL_V_298576,280509,NULL,0";;
"273818,280657,""Modificaciones Bajas"",,teleRRHH_MODIFICACIONES_BAJAS_280657,280509,NULL,0";;
"273818,298577,""Import Brecha"",,teleRRHH_IMPORT_BRECHA_298577,280509,NULL,0";;
"273818,280660,""Modificaciones Información Solicitada"",,teleRRHH_MODIFICACIONES_INFORMACION_SOLICI_280660,280509,NULL,0";;
"273818,280411,""Imports Altas Brecha Salarial"",,teleRRHH_IMPORTS_ALTAS_BRECHA_SALARIAL_280411,280509,NULL,0";;
"273818,280505,""Actualizar catálogos"",,teleRRHH_ACTUALIZAR_CATALOGOS_280505,280509,NULL,0";;
"273818,280510,""Fichero para ETL"",,teleRRHH_FICHERO_PARA_ETL_280510,280509,NULL,0";;
"273818,280516,""Lanzar script para calculo de indicadores"",,teleRRHH_LANZAR_SCRIPT_PARA_CALCULO_DE_IND_280516,280509,NULL,0";;
"273818,285911,""Actualizar datos regresión"",,teleRRHH_ACTUALIZAR_DATOS_REGRESION_285911,280509,NULL,0";;
"273818,281307,""Actualizador catálogos GPG"",,teleRRHH_ACTUALIZADOR_CATALOGOS_GPG_281307,280509,NULL,0";;
273818,278453,d_hs_causa,,teleRRHH_D_HS_CAUSA_278453,274958,NULL,0;;
273818,278454,d_hs_contrato,,teleRRHH_D_HS_CONTRATO_278454,274958,NULL,0;;
273818,278455,d_hs_empresa,,teleRRHH_D_HS_EMPRESA_278455,274958,NULL,0;;
273818,278456,d_hs_presentado,,teleRRHH_D_HS_PRESENTADO_278456,274958,NULL,0;;
273818,278457,d_hs_unidad,,teleRRHH_D_HS_UNIDAD_278457,274958,NULL,0;;
273818,278458,d_hs_tareas,,teleRRHH_D_HS_TAREAS_278458,274958,NULL,0;;
273818,278459,d_hs_territorio,,teleRRHH_D_HS_TERRITORIO_278459,274958,NULL,0;;
273818,278504,t_hs_accidentes_externos,,teleRRHH_T_HS_ACCIDENTES_EXTERNOS_278504,274958,NULL,0;;
273818,278505,d_hs_tipo_accidente_externo,,teleRRHH_D_HS_TIPO_ACCIDENTE_EXTERNO_278505,274958,NULL,0;;
273818,276202,t_hs_comunicacion_investigacion_incidentes,,teleRRHH_T_HS_COMUNICACION_INVESTIGACION_I_276202,274958,NULL,0;;
"273818,274235,""Información financiera solicitada"",,teleRRHH_INFORMACION_FINANCIERA_SOLICITADA_274235,274233,NULL,0";;
273818,280765,t_gpg_informacion_solicitada_beneficios_detallados,,teleRRHH_T_GPG_INFORMACION_SOLICITADA_BENE_280765,274233,NULL,0;;
273818,287746,u_rrhh_directivos_carga_indicadores,,teleRRHH_U_RRHH_DIRECTIVOS_CARGA_INDICADOR_287746,273960,NULL,0;;
273818,278787,t_glosario_rrhh,,teleRRHH_T_GLOSARIO_RRHH_278787,273960,278788,0;;
273818,285443,u_rrhh_año_mes_para_catalogo,,teleRRHH_U_RRHH_ANO_MES_PARA_CATALOGO_285443,273960,NULL,0;;
"273818,278788,""t_glosario_rrhh Translations"",""Translations table for collection t_glosario_rrhh"",teleRRHH_T_GLOSARIO_RRHH_TRANSLATIONS_278788,273960,NULL,1";;
"273818,274698,""u_rrhh_informacion solicitada_V"",,teleRRHH_U_RRHH_INFORMACION_SOLICITADA_V_274698,273960,NULL,0";;
"273818,287756,""u_rrhh_directivos_altas V"",,teleRRHH_U_RRHH_DIRECTIVOS_ALTAS_V_287756,273960,NULL,0";;
273818,274193,u_rhh_carga_indicadores_MES,,teleRRHH_U_RHH_CARGA_INDICADORES_MES_274193,273960,NULL,0;;
"273818,287761,""u_rrhh_directivos_bajas V"",,teleRRHH_U_RRHH_DIRECTIVOS_BAJAS_V_287761,273960,NULL,0";;
"273818,287765,""u_rrhh_directivos_informacion_solicitada V"",,teleRRHH_U_RRHH_DIRECTIVOS_INFORMACION_SOL_287765,273960,NULL,0";;
"273818,286507,""rhh_exportaciones Translations"",""Translations table for collection rhh_exportaciones"",teleRRHH_RHH_EXPORTACIONES_TRANSLATIONS_286507,273960,NULL,1";;
"273818,273964,""Responsables de sociedades juridicas"",,teleRRHH_RESPONSABLES_DE_SOCIEDADES_JURIDI_273964,273960,NULL,0";;
273818,274248,r_rrhh_altas,,teleRRHH_R_RRHH_ALTAS_274248,273960,NULL,0;;
273818,297804,rrhh_exportaciones_cambios_juridicas,,teleRRHH_RRHH_EXPORTACIONES_CAMBIOS_JURIDI_297804,273960,298383,0;;
273818,274263,r_rrhh_bajas,,teleRRHH_R_RRHH_BAJAS_274263,273960,NULL,0;;
273818,274796,r_rhh_altas_V,,teleRRHH_R_RHH_ALTAS_V_274796,273960,NULL,0;;
273818,274033,u_rhh_carga_indicadores,,teleRRHH_U_RHH_CARGA_INDICADORES_274033,273960,NULL,0;;
273818,283513,t_glosario_abecedario,,teleRRHH_T_GLOSARIO_ABECEDARIO_283513,273960,NULL,0;;
273818,274043,Manual,,teleRRHH_MANUAL_274043,273960,NULL,0;;
273818,274063,u_rhh_carga_subactividades,,teleRRHH_U_RHH_CARGA_SUBACTIVIDADES_274063,273960,NULL,0;;
273818,274319,rhh_export_edades_materializada,,teleRRHH_RHH_EXPORT_EDADES_MATERIALIZADA_274319,273960,NULL,0;;
"273818,298383,""rrhh_exportaciones_cambios_juridicas Translations"",""Translations table for collection rrhh_exportaciones_cambios_juridicas"",teleRRHH_RRHH_EXPORTACIONES_CAMBIOS_JURIDI_298383,273960,NULL,1";;
"273818,298384,""rrhh_exportaciones_individuales_cambios_juridica Translations"",""Translations table for collection rrhh_exportaciones_individuales_cambios_juridica"",teleRRHH_RRHH_EXPORTACIONES_INDIVIDUALES_C_298384,273960,NULL,1";;
273818,274327,r_rhh_tipo_entidad_juridica,,teleRRHH_R_RHH_TIPO_ENTIDAD_JURIDICA_274327,273960,NULL,0;;
"273818,274601,""u_rrhh_informacion solicitada"",,teleRRHH_U_RRHH_INFORMACION_SOLICITADA_274601,273960,NULL,0";;
273818,274108,rhh_exportaciones,,teleRRHH_RHH_EXPORTACIONES_274108,273960,286507,0;;
273818,274878,r_rrhh_bajas_V,,teleRRHH_R_RRHH_BAJAS_V_274878,273960,NULL,0;;
"273818,294847,""Indicadores RSC"",,teleRRHH_INDICADORES_RSC_294847,273960,NULL,0";;
273818,297688,rrhh_exportaciones_individuales_cambios_juridica,,teleRRHH_RRHH_EXPORTACIONES_INDIVIDUALES_C_297688,273960,298384,0;;
273818,287733,u_rrhh_directivos_informacion_solicitada,,teleRRHH_U_RRHH_DIRECTIVOS_INFORMACION_SOL_287733,273960,NULL,0;;
273818,274678,rrhh_exportaciones_individuales,,teleRRHH_RRHH_EXPORTACIONES_INDIVIDUALES_274678,273960,NULL,0;;
273818,287741,u_rrhh_directivos_altas,,teleRRHH_U_RRHH_DIRECTIVOS_ALTAS_287741,273960,NULL,0;;
273818,287742,u_rrhh_directivos_bajas,,teleRRHH_U_RRHH_DIRECTIVOS_BAJAS_287742,273960,NULL,0;;
273818,287744,c_rrhh_directores_nivel1,,teleRRHH_C_RRHH_DIRECTORES_NIVEL1_287744,273959,NULL,0;;
273818,287745,c_rrhh_directores_nivel2,,teleRRHH_C_RRHH_DIRECTORES_NIVEL2_287745,273959,NULL,0;;
273818,273948,d_rhh_ano,,teleRRHH_D_RHH_ANO_273948,273959,NULL,0;;
273818,273953,d_rhh_mes,,teleRRHH_D_RHH_MES_273953,273959,286498,0;;
273818,273954,d_aliados_periodo,,teleRRHH_D_ALIADOS_PERIODO_273954,273959,NULL,0;;
"273818,286498,""d_rhh_mes Translations"",""Translations table for collection d_rhh_mes"",teleRRHH_D_RHH_MES_TRANSLATIONS_286498,273959,NULL,1";;
"273818,286499,""d_rhh_cuestionarios Translations"",""Translations table for collection d_rhh_cuestionarios"",teleRRHH_D_RHH_CUESTIONARIOS_TRANSLATIONS_286499,273959,NULL,1";;
"273818,286500,""r_rhh_indicadores Translations"",""Translations table for collection r_rhh_indicadores"",teleRRHH_R_RHH_INDICADORES_TRANSLATIONS_286500,273959,NULL,1";;
"273818,286501,""d_rhh_indicadores Translations"",""Translations table for collection d_rhh_indicadores"",teleRRHH_D_RHH_INDICADORES_TRANSLATIONS_286501,273959,NULL,1";;
"273818,286502,""d_rhh_pais Translations"",""Translations table for collection d_rhh_pais"",teleRRHH_D_RHH_PAIS_TRANSLATIONS_286502,273959,NULL,1";;
"273818,286503,""r_cue_actividad Translations"",""Translations table for collection r_cue_actividad"",teleRRHH_R_CUE_ACTIVIDAD_TRANSLATIONS_286503,273959,NULL,1";;
"273818,286504,""r_cue_subactividad Translations"",""Translations table for collection r_cue_subactividad"",teleRRHH_R_CUE_SUBACTIVIDAD_TRANSLATIONS_286504,273959,NULL,1";;
"273818,286505,""d_rhh_area_indicadores Translations"",""Translations table for collection d_rhh_area_indicadores"",teleRRHH_D_RHH_AREA_INDICADORES_TRANSLATIO_286505,273959,NULL,1";;
"273818,286506,""d_cue_proceso Translations"",""Translations table for collection d_cue_proceso"",teleRRHH_D_CUE_PROCESO_TRANSLATIONS_286506,273959,NULL,1";;
273818,273963,Permisos,,teleRRHH_PERMISOS_273963,273959,NULL,0;;
273818,273965,Roles,,teleRRHH_ROLES_273965,273959,286697,0;;
273818,273966,r_jur_cuarto_nivel,,teleRRHH_R_JUR_CUARTO_NIVEL_273966,273959,NULL,0;;
273818,273967,d_jur_primer_nivel,,teleRRHH_D_JUR_PRIMER_NIVEL_273967,273959,NULL,0;;
273818,273968,Entidad,,teleRRHH_ENTIDAD_273968,273959,NULL,0;;
273818,273969,r_jur_segundo_nivel,,teleRRHH_R_JUR_SEGUNDO_NIVEL_273969,273959,NULL,0;;
273818,273974,País,,teleRRHH_PAIS_273974,273959,NULL,0;;
273818,278838,d_rrhh_glosario_obligatoriedad,,teleRRHH_D_RRHH_GLOSARIO_OBLIGATORIEDAD_278838,273959,278839,0;;
273818,294454,r_rrhh_agregador_resto_paises,,teleRRHH_R_RRHH_AGREGADOR_RESTO_PAISES_294454,273959,NULL,0;;
273818,273975,Continentes,,teleRRHH_CONTINENTES_273975,273959,NULL,0;;
"273818,278839,""d_rrhh_glosario_obligatoriedad Translations"",""Translations table for collection d_rrhh_glosario_obligatoriedad"",teleRRHH_D_RRHH_GLOSARIO_OBLIGATORIEDAD_TR_278839,273959,NULL,1";;
273818,278843,d_rrhh_glosario_cumplimiento,,teleRRHH_D_RRHH_GLOSARIO_CUMPLIMIENTO_278843,273959,278844,0;;
"273818,278844,""d_rrhh_cumplimiento_glosario Translations"",""Translations table for collection d_rrhh_cumplimiento_glosario"",teleRRHH_D_RRHH_CUMPLIMIENTO_GLOSARIO_TRAN_278844,273959,NULL,1";;
273818,278087,d_rrhh_rotante,,teleRRHH_D_RRHH_ROTANTE_278087,273959,NULL,0;;
"273818,274249,""d_rrhh_tipo de alta global"",,teleRRHH_D_RRHH_TIPO_DE_ALTA_GLOBAL_274249,273959,NULL,0";;
273818,274252,d_rrhh_genero,,teleRRHH_D_RRHH_GENERO_274252,273959,NULL,0;;
"273818,274256,""d_rrhh_clase de empleado"",,teleRRHH_D_RRHH_CLASE_DE_EMPLEADO_274256,273959,286698,0";;
"273818,274259,""d_rrhh_unidad de negocio"",,teleRRHH_D_RRHH_UNIDAD_DE_NEGOCIO_274259,273959,NULL,0";;
"273818,274260,""d_rrhh_nivel de puesto"",,teleRRHH_D_RRHH_NIVEL_DE_PUESTO_274260,273959,NULL,0";;
"273818,274262,""d_rrhh_tipo de baja global"",,teleRRHH_D_RRHH_TIPO_DE_BAJA_GLOBAL_274262,273959,NULL,0";;
273818,274007,d_rhh_pais,,teleRRHH_D_RHH_PAIS_274007,273959,286502,0;;
273818,274008,d_aliados_region,,teleRRHH_D_ALIADOS_REGION_274008,273959,NULL,0;;
"273818,274009,""Listado paises"",,teleRRHH_LISTADO_PAISES_274009,273959,NULL,0";;
273818,274018,r_jur_tercer_nivel,,teleRRHH_R_JUR_TERCER_NIVEL_274018,273959,NULL,0;;
273818,274019,r_rhh_indicadores,,teleRRHH_R_RHH_INDICADORES_274019,273959,286500,0;;
273818,274020,d_rhh_cuestionarios,,teleRRHH_D_RHH_CUESTIONARIOS_274020,273959,286499,0;;
273818,274021,d_rhh_indicadores,,teleRRHH_D_RHH_INDICADORES_274021,273959,286501,0;;
273818,274022,d_rhh_area_indicadores,,teleRRHH_D_RHH_AREA_INDICADORES_274022,273959,286505,0;;
273818,274032,d_rhh_tipo_de_agregacion,,teleRRHH_D_RHH_TIPO_DE_AGREGACION_274032,273959,NULL,0;;
273818,274042,d_cue_proceso,,teleRRHH_D_CUE_PROCESO_274042,273959,286506,0;;
273818,274055,r_cue_actividad,,teleRRHH_R_CUE_ACTIVIDAD_274055,273959,286503,0;;
273818,274058,d_aliados_totalizadores,,teleRRHH_D_ALIADOS_TOTALIZADORES_274058,273959,NULL,0;;
273818,274059,r_cue_subactividad,,teleRRHH_R_CUE_SUBACTIVIDAD_274059,273959,286504,0;;
273818,297359,r_cambios_jur_cuarto_nivel,,teleRRHH_R_CAMBIOS_JUR_CUARTO_NIVEL_297359,273959,NULL,0;;
273818,274322,d_rhh_tipo_de_entidad,,teleRRHH_D_RHH_TIPO_DE_ENTIDAD_274322,273959,NULL,0;;
273818,288918,r_rrhh_directivos_tipo_de_alta,,teleRRHH_R_RRHH_DIRECTIVOS_TIPO_DE_ALTA_288918,273959,NULL,0;;
"273818,274602,""d_rrhh_estado del empleado"",,teleRRHH_D_RRHH_ESTADO_DEL_EMPLEADO_274602,273959,NULL,0";;
"273818,274604,""d_rrhh_convenio aplicable"",,teleRRHH_D_RRHH_CONVENIO_APLICABLE_274604,273959,NULL,0";;
"273818,274609,""d_rrhh_area funcional"",,teleRRHH_D_RRHH_AREA_FUNCIONAL_274609,273959,NULL,0";;
"273818,274611,""d_rrhh_tipo de contrato"",,teleRRHH_D_RRHH_TIPO_DE_CONTRATO_274611,273959,NULL,0";;
273818,274879,r_rrhh_tipos_de_cambio,,teleRRHH_R_RRHH_TIPOS_DE_CAMBIO_274879,273959,NULL,0;;
"273818,286697,""Roles Translations"",""Translations table for collection Roles"",teleRRHH_ROLES_TRANSLATIONS_286697,273959,NULL,1";;
"273818,286698,""d_rrhh_clase de empleado Translations"",""Translations table for collection d_rrhh_clase de empleado"",teleRRHH_D_RRHH_CLASE_DE_EMPLEADO_TRANSLAT_286698,273959,NULL,1";;
273818,287734,c_rrhh_agrupacion_informe,,teleRRHH_C_RRHH_AGRUPACION_INFORME_287734,273959,NULL,0;;
273818,287735,c_rrhh_excomm,,teleRRHH_C_RRHH_EXCOMM_287735,273959,NULL,0;;
273818,287736,c_rrhh_excomm_filiales,,teleRRHH_C_RRHH_EXCOMM_FILIALES_287736,273959,NULL,0;;
273818,287737,c_rrhh_area_funcional_directivos,,teleRRHH_C_RRHH_AREA_FUNCIONAL_DIRECTIVOS_287737,273959,NULL,0;;
273818,287738,c_rrhh_directivos_puesto,,teleRRHH_C_RRHH_DIRECTIVOS_PUESTO_287738,273959,NULL,0;;
273818,287743,r_rrhh_directivos_catalogo_niveles,,teleRRHH_R_RRHH_DIRECTIVOS_CATALOGO_NIVELE_287743,273959,NULL,0;;
"273818,275714,""Brecha Salarial 2018"",,teleRRHH_BRECHA_SALARIAL_2018_275714,-1,NULL,0";;
"273818,289030,""Borrador registros Brecha"",,teleRRHH_BORRADOR_REGISTROS_BRECHA_289030,-1,NULL,0";;
273818,274964,t_hs_comunicacion_e_investigación_de_incidente,,teleRRHH_T_HS_COMUNICACION_E_INVESTIGACION_274964,-1,NULL,0;;
"273818,278037,""Agrupadores GPG"",,teleRRHH_AGRUPADORES_GPG_278037,-1,286696,0";;
"273818,286750,""d_categoria_global Translations"",""Translations table for collection d_categoria_global"",teleRRHH_D_CATEGORIA_GLOBAL_TRANSLATIONS_286750,-1,NULL,1";;
273818,307234,borrar,,teleRRHH_BORRAR_307234,-1,NULL,0;;
"273818,307235,""Prueba Carga Indicadores"",,teleRRHH_PRUEBA_CARGA_INDICADORES_307235,-1,NULL,0";;
"273818,287096,""Manual Brecha Translations"",""Translations table for collection Manual Brecha"",teleRRHH_MANUAL_BRECHA_TRANSLATIONS_287096,-1,NULL,1";;
"273818,286667,""d_rrhh_rango_edades Translations"",""Translations table for collection d_rrhh_rango_edades"",teleRRHH_D_RRHH_RANGO_EDADES_TRANSLATIONS_286667,-1,NULL,1";;
"273818,306123,""Borrado Información"",,teleRRHH_BORRADO_INFORMACION_306123,-1,NULL,0";;
"273818,286696,""Agrupadores GPG Translations"",""Translations table for collection Agrupadores GPG"",teleRRHH_AGRUPADORES_GPG_TRANSLATIONS_286696,-1,NULL,1";;
273818,275715,d_rrhh_agrupacion_funciones,,teleRRHH_D_RRHH_AGRUPACION_FUNCIONES_275715,NULL,NULL,0;;
"273818,295941,""Prueba borrar pegados"",,teleRRHH_PRUEBA_BORRAR_PEGADOS_295941,NULL,NULL,0";;
"273818,274699,""Permisos exportaciones RRHH"",,teleRRHH_PERMISOS_EXPORTACIONES_RRHH_274699,NULL,NULL,0";;
273818,284686,rhh_validacion_indicadores,,teleRRHH_RHH_VALIDACION_INDICADORES_284686,NULL,NULL,0;;
273818,281104,t_gpg_usuarios_reportadores,,teleRRHH_T_GPG_USUARIOS_REPORTADORES_281104,NULL,NULL,0;;
"273818,281105,""Propuesta de carga directa y usuarios"",,teleRRHH_PROPUESTA_DE_CARGA_DIRECTA_Y_USUA_281105,NULL,NULL,0";;
"273818,285201,""Test Import"",,teleRRHH_TEST_IMPORT_285201,NULL,NULL,0";;
"273818,295700,""Introducir fechas de nacimiento"",,teleRRHH_INTRODUCIR_FECHAS_DE_NACIMIENTO_295700,NULL,NULL,0";;
"273818,288794,""d_rrhh_rango de edades"",,teleRRHH_D_RRHH_RANGO_DE_EDADES_288794,NULL,NULL,0";;
"273818,278813,""test RedTeam"",,teleRRHH_TEST_RED_TEAM_278813,NULL,NULL,0";;
"273818,287006,""IDs a borrar"",,teleRRHH_IDS_A_BORRAR_287006,NULL,NULL,0";;
273818,293408,r_rrhh_trans_nivel1,,teleRRHH_R_RRHH_TRANS_NIVEL1_293408,NULL,NULL,0;;
273818,293413,r_rrhh_trans_nivel2,,teleRRHH_R_RRHH_TRANS_NIVEL2_293413,NULL,NULL,0;;
273818,274215,Año,,teleRRHH_ANO_274215,NULL,NULL,0;;
"273818,284969,""Brechas Ajustadas"",,teleRRHH_BRECHAS_AJUSTADAS_284969,NULL,NULL,0";;
273818,278318,d_rrhh_fecha,,teleRRHH_D_RRHH_FECHA_278318,NULL,NULL,0;;
273818,288053,prueba,,teleRRHH_PRUEBA_288053,NULL,NULL,0;;
273818,278845,r_rhh_altas_V_comprobacion,,teleRRHH_R_RHH_ALTAS_V_COMPROBACION_278845,NULL,NULL,0;;
273818,278846,r_rrhh_altas_comprobacion,,teleRRHH_R_RRHH_ALTAS_COMPROBACION_278846,NULL,NULL,0;;
"273818,288842,""Percentiles Brecha Salarial"",,teleRRHH_PERCENTILES_BRECHA_SALARIAL_288842,NULL,NULL,0";;
"273818,280651,""Conversor nombres cuarto nivel"",,teleRRHH_CONVERSOR_NOMBRES_CUARTO_NIVEL_280651,NULL,NULL,0";;
273818,280654,rrhh__DesgloseJurNombreAntiguo,,teleRRHH_RRHH__DESGLOSE_JUR_NOMBRE_ANTIGUO_280654,NULL,NULL,0;;
"273818,280143,""Prueba Compartida"",,teleRRHH_PRUEBA_COMPARTIDA_280143,NULL,NULL,0";;
"273818,294999,""r_rrhh_subactividad_actividad New"",,teleRRHH_R_RRHH_SUBACTIVIDAD_ACTIVIDAD_NEW_294999,NULL,NULL,0";;
273818,285277,d_rhh_fases_validacion,,teleRRHH_D_RHH_FASES_VALIDACION_285277,NULL,NULL,0;;
"273818,287076,""Manual Brecha"",,teleRRHH_MANUAL_BRECHA_287076,NULL,287096,0";;
"273818,295526,""IDs a obviar Brecha"",,teleRRHH_IDS_A_OBVIAR_BRECHA_295526,NULL,NULL,0";;
"273818,295527,""Matriculas a obviar brecha"",,teleRRHH_MATRICULAS_A_OBVIAR_BRECHA_295527,NULL,NULL,0";;
"273818,280172,""Salarios Minims por País"",,teleRRHH_SALARIOS_MINIMS_POR_PAIS_280172,NULL,NULL,0";;
"273818,296307,""Permisos botón exportaciones"",,teleRRHH_PERMISOS_BOTON_EXPORTACIONES_296307,NULL,NULL,0";;
273818,295038,rrhh_rsc_validaciones_emails,,teleRRHH_RRHH_RSC_VALIDACIONES_EMAILS_295038,NULL,NULL,0;;
"273818,288907,""Indicadores de diversidad"",,teleRRHH_INDICADORES_DE_DIVERSIDAD_288907,NULL,NULL,0";;
"273818,296078,""Plantilla Unica Ultimo Mes"",,teleRRHH_PLANTILLA_UNICA_ULTIMO_MES_296078,NULL,NULL,0";;
"273818,288914,""Actualizador Indicadores Diversidad Log"",,teleRRHH_ACTUALIZADOR_INDICADORES_DIVERSID_288914,NULL,NULL,0";;
273818,288919,r_rrhh_directivos_tipo_de_baja,,teleRRHH_R_RRHH_DIRECTIVOS_TIPO_DE_BAJA_288919,NULL,NULL,0;;
273818,299168,etl_test_scripts,,teleRRHH_ETL_TEST_SCRIPTS_299168,NULL,NULL,0;;
273818,280481,rrhh__desgloseETL,,teleRRHH_RRHH__DESGLOSE_ETL_280481,NULL,NULL,0;;
273818,299172,etl_test_files,,teleRRHH_ETL_TEST_FILES_299172,NULL,NULL,0;;
273818,299173,etl_dummy,,teleRRHH_ETL_DUMMY_299173,NULL,NULL,0;;
273818,276142,d_rrhh_rango_edades,,teleRRHH_D_RRHH_RANGO_EDADES_276142,NULL,286667,0;;
273818,276143,d_rrhh_categoriaprofesional,,teleRRHH_D_RRHH_CATEGORIAPROFESIONAL_276143,NULL,NULL,0;;
"273818,291252,""rrhh_Indicadores de formacion"",,teleRRHH_RRHH_INDICADORES_DE_FORMACION_291252,NULL,NULL,0";;
"273818,291253,""rrhh_Salarios minimos"",,teleRRHH_RRHH_SALARIOS_MINIMOS_291253,NULL,NULL,0";;
"273818,277437,""Subquery Brecha Salarial 2018"",,teleRRHH_SUBQUERY_BRECHA_SALARIAL_2018_277437,NULL,NULL,0";;
273818,274885,r_rrhh_agregadores,,teleRRHH_R_RRHH_AGREGADORES_274885,NULL,NULL,0;;
273818,275663,d_categoria_global,,teleRRHH_D_CATEGORIA_GLOBAL_275663,NULL,286750,0;;
273818,274901,d_rrhh_agregadores_sindesglose,,teleRRHH_D_RRHH_AGREGADORES_SINDESGLOSE_274901,NULL,NULL,0;;
"273818,281814,""Permisos Importar Brecha"",,teleRRHH_PERMISOS_IMPORTAR_BRECHA_281814,NULL,NULL,0";;
"273818,281304,""Juridicas por reportador"",,teleRRHH_JURIDICAS_POR_REPORTADOR_281304,NULL,NULL,0";;
273818,276186,d_hs_tipo_incidente,,teleRRHH_D_HS_TIPO_INCIDENTE_276186,NULL,NULL,0;;
273818,276188,d_hs_pronostico,,teleRRHH_D_HS_PRONOSTICO_276188,NULL,NULL,0;;
273818,276189,d_hs_propietario_vehiculo,,teleRRHH_D_HS_PROPIETARIO_VEHICULO_276189,NULL,NULL,0;;
"273818,274910,""u_rrhh_carga subactividades periodo anterior"",,teleRRHH_U_RRHH_CARGA_SUBACTIVIDADES_PERIO_274910,NULL,NULL,0";;
273818,276190,d_hs_tipo_vehiculo,,teleRRHH_D_HS_TIPO_VEHICULO_276190,NULL,NULL,0;;
"273818,285918,""Brechas Ajustadas V"",,teleRRHH_BRECHAS_AJUSTADAS_V_285918,NULL,NULL,0";;
273818,276191,d_hs_tipo_lugar_de_trabajo,,teleRRHH_D_HS_TIPO_LUGAR_DE_TRABAJO_276191,NULL,NULL,0;;
"273818,297955,""Permisos Brecha por pais"",,teleRRHH_PERMISOS_BRECHA_POR_PAIS_297955,NULL,NULL,0";;
"273818,285156,""Salario CEO"",,teleRRHH_SALARIO_CEO_285156,NULL,NULL,0";;
273818,280554,Semestre,,teleRRHH_SEMESTRE_280554,NULL,NULL,0;;
273818,276204,d_hs_departamento,,teleRRHH_D_HS_DEPARTAMENTO_276204,NULL,NULL,0;;
273818,276205,Provincias_ESP,,teleRRHH_PROVINCIAS_ESP_276205,NULL,NULL,0;;
"273818,277997,""ETLs for Imports"",,teleRRHH_ETLS_FOR_IMPORTS_277997,NULL,NULL,0";;
"273818,280557,""Pais oid"",,teleRRHH_PAIS_OID_280557,NULL,NULL,0";;
"273818,278005,""Test Import con ETL"",,teleRRHH_TEST_IMPORT_CON_ETL_278005,NULL,NULL,0";;
"273818,278006,""Test Import ETL - Recibe datos"",,teleRRHH_TEST_IMPORT_ETL_RECIBE_DATOS_278006,NULL,NULL,0";;
273818,275707,d_categoria_local,,teleRRHH_D_CATEGORIA_LOCAL_275707,NULL,NULL,0;;